"Rulenr";"Rule name";"Level";"Scored";"Log level";"Status";"Message";"Description";
"1.1.1.1";"cramfs";"1";"true";"";"compliant";"Rule 1.1.1.1. Cramfs kernel module should not be available.";"The cramfs filesystem type is a compressed read-only Linux filesystem embedded in small footprint systems. A cramfs image can be used without having to first decompress the image.";
"1.1.1.2";"freevxfs";"1";"true";"";"compliant";"Rule 1.1.1.2. Freevxfs kernel module should not be available.";"The freevxfs filesystem type is a free version of the Veritas type filesystem. This is the primary filesystem type for HP-UX operating systems.";
"1.1.1.3";"jffs2";"1";"true";"";"compliant";"Rule 1.1.1.3. Jffs2 kernel module should not be available.";"The jffs2 (journaling flash filesystem 2) filesystem type is a log-structured filesystem used in flash memory devices.";
"1.1.1.4";"hfs";"1";"true";"";"compliant";"Rule 1.1.1.4. Hfs kernel module should not be available.";"The hfs filesystem type is a hierarchical filesystem that allows you to mount Mac OS filesystems.";
"1.1.1.5";"hfsplus";"1";"true";"";"compliant";"Rule 1.1.1.5. Hfsplus kernel module should not be available.";"The hfsplus filesystem type is a hierarchical filesystem designed to replace hfs that allows you to mount Mac OS filesystems.";
"1.1.1.6";"squashfs";"1";"true";"";"compliant";"Rule 1.1.1.6. Squashfs kernel module should not be available.";"The squashfs filesystem type is a compressed read-only Linux filesystem embedded in small footprint systems (similar to cramfs ). A squashfs image can be used without having to first decompress the image.";
"1.1.1.7";"udf";"1";"true";"";"compliant";"Rule 1.1.1.7. Udf kernel module should not be available.";"The udf filesystem type is the universal disk format used to implement ISO/IEC 13346 and ECMA-167 specifications. This is an open vendor filesystem type for data storage on a broad range of media. This filesystem type is necessary to support writing DVDs and newer optical disc formats.";
"1.1.1.8";"vfat";"2";"true";"";"compliant";"Rule 1.1.1.8. Vfat kernel module should not be available.";"The FAT filesystem format is primarily used on older windows systems and portable USB drives or flash modules. It comes in three types FAT12 , FAT16 , and FAT32 all of which are supported by the vfat kernel module.";
"1.1.10";"var_tmp_noexec";"1";"true";"";"not compliant";"Rule 1.1.10. /var/tmp should be mounted with noexec option.";"The noexec mount option specifies that the /var/tmp filesystem cannot contain executable binaries.";
"1.1.11";"var_log_partition";"2";"true";"";"not compliant";"Rule 1.1.11. Have a seperate directory for /var/log.";"The /var/log directory is used by system services to store log data.";
"1.1.12";"var_log_audit_partition";"2";"true";"";"not compliant";"Rule 1.1.12. Have a seperate directory for /var/log/audit.";"The auditing daemon, auditd , stores log data in the /var/log/audit directory.";
"1.1.13";"home_partition";"2";"true";"";"not compliant";"Rule 1.1.13. Have a seperate directory for /home.";"The /home directory is used to support disk storage needs of local users.";
"1.1.14";"home_nodev";"1";"true";"";"not compliant";"Rule 1.1.14. /home should be mounted with nodev option.";"The nodev mount option specifies that the /home filesystem cannot contain special devices.";
"1.1.15";"dev_shm_nodev";"1";"true";"";"compliant";"Rule 1.1.15. /dev/shm should be mounted with nodev option.";"The nodev mount option specifies that the /dev/shm filesystem cannot contain special devices.";
"1.1.16";"dev_shm_nosuid";"1";"true";"";"compliant";"Rule 1.1.16. /dev/shm should be mounted with nosuid option.";"The nosuid mount option specifies that the /dev/shm filesystem cannot contain suid files.";
"1.1.17";"dev_shm_noexec";"1";"true";"";"not compliant";"Rule 1.1.17. /dev/shm should be mounted with noexec option.";"The noexec mount option specifies that the /dev/shm filesystem cannot contain executable binaries.";
"1.1.2";"tmp_partition";"2";"true";"";"not compliant";"Rule 1.1.2. Have a seperate directory for /tmp.";"The /tmp directory is a world-writable directory used for temporary storage by all users and some applications.";
"1.1.21";"sticky_ww";"1";"true";"";"compliant";"Rule 1.1.21. All world writable directories should have sticky bit set.";"Setting the sticky bit on world writable directories prevents users from deleting or renaming files in that directory that are not owned by them.";
"1.1.22";"automounting";"1";"true";"";"compliant";"Rule 1.1.22. Automounting should be disabled.";"autofs allows automatic mounting of devices, typically including CD/DVDs and USB drives.";
"1.1.3";"tmp_nodev";"1";"true";"";"not compliant";"Rule 1.1.3. /tmp should be mounted with nodev option.";"The nodev mount option specifies that the /tmp filesystem cannot contain special devices.";
"1.1.4";"tmp_nosuid";"1";"true";"";"not compliant";"Rule 1.1.4. /tmp should be mounted with nosuid option.";"The nosuid mount option specifies that the /tmp filesystem cannot contain suid files.";
"1.1.5";"tmp_noexec";"1";"true";"";"not compliant";"Rule 1.1.5. /tmp should be mounted with noexec option.";"The noexec mount option specifies that the /tmp filesystem cannot contain executable binaries.";
"1.1.6";"var_partition";"2";"true";"";"not compliant";"Rule 1.1.6. Have a seperate directory for /var.";"The /var directory is used by daemons and other system services to temporarily store dynamic data. Some directories created by these processes may be world-writable.";
"1.1.7";"var_tmp_partition";"2";"true";"";"not compliant";"Rule 1.1.7. Have a seperate directory for /var/tmp.";"The /var/tmp directory is a world-writable directory used for temporary storage by all users and some applications.";
"1.1.8";"var_tmp_nodev";"1";"true";"";"not compliant";"Rule 1.1.8. /var/tmp should be mounted with nodev option.";"The nodev mount option specifies that the /var/tmp filesystem cannot contain special devices.";
"1.1.9";"var_tmp_nosuid";"1";"true";"";"not compliant";"Rule 1.1.9. /var/tmp should be mounted with nosuid option.";"The nosuid mount option specifies that the /var/tmp filesystem cannot contain suid files.";
"1.2.2";"yum_gpgcheck";"1";"true";"";"compliant";"Rule 1.2.2. Yum gpgcheck should be  enabled in /etc/yum.conf.";"The gpgcheck option, found in the main section of the /etc/yum.conf and individual /etc/yum/repos.d/* files determines if an RPM packages signature is checked prior to its installation.";
"1.2.5";"rhnsd";"2";"false";"";"compliant";"Rule 1.2.5. rhnsd should be disabled.";"The rhnsd daemon polls the Red Hat Network web site for scheduled actions and, if there are, executes those actions.";
"1.3.1";"aide";"1";"true";"";"compliant";"Rule 1.3.1. aide should be disabled.";"AIDE takes a snapshot of filesystem state including modification times, permissions, and file hashes which can then be used to compare against the current state of the filesystem to detect modifications to the system.";
"1.3.2";"aide-cron";"1";"true";"";"compliant";"Rule 1.3.2. aide cronjob should be setup.'";"Periodic checking of the filesystem integrity is needed to detect changes to the filesystem.";
"1.4.1";"grub2";"1";"true";"";"compliant";"Not compliant with rule 1.4.1. No grub password set.";"The grub configuration file contains information on boot settings and passwords for unlocking boot options. The grub configuration is usually located at /boot/grub2/grub.cfg and linked as /etc/grub2.cfg. Additional settings can be found in the /boot/grub2/user.cfg file.";
"1.4.2";"grub_passwd";"1";"true";"";"not compliant";"Rule 1.4.2. A Grub password should be set.";"Setting the boot loader password will require that anyone rebooting the system must enter a password before being able to set command line boot parameters.";
"1.4.3";"single_user_mode";"1";"true";"";"compliant";"Rule 1.4.3. /sbin/sulogin should be used propperly for rescue mode.";"Single user mode (rescue mode) is used for recovery when the system detects an issue during boot or by manual selection from the bootloader.";
"1.5.1";"core_dumps";"1";"true";"";"compliant";"Rule 1.4.3. /sbin/sulogin should be used propperly to configure core dumps.";"A core dump is the memory of an executable program. It is generally used to determine why a program aborted. It can also be used to glean confidential information from a core file. The system provides the ability to set a soft limit for core dumps, but this can be overridden by the user.";
"1.5.2";"nx_protection";"1";"false";"";"compliant";"Rule 1.5.2. XD/NX support should be enabled.";"Recent processors in the x86 family support the ability to prevent code execution on a per memory page basis. Generically and on AMD processors, this ability is called No Execute (NX), while on Intel processors it is called Execute Disable (XD). This ability can help prevent exploitation of buffer overflow vulnerabilities and should be activated whenever possible. Extra steps must be taken to ensure that this protection is enabled, particularly on 32-bit x86 systems. Other processors, such as Itanium and POWER, have included such support since inception and the standard kernel for those platforms supports the feature.";
"1.5.3";"kernel_aslr";"1";"true";"";"compliant";"Rule 1.5.3. Kernel address space randomization should be enabled.";"Address space layout randomization (ASLR) is an exploit mitigation technique which randomly arranges the address space of key data areas of a process.";
"1.5.4";"prelink";"1";"true";"";"not compliant";"Rule 1.5.4. prelink package should not be installed.";"prelinkis a program that modifies ELF shared libraries and ELF dynamically linked binaries in such a way that the time needed for the dynamic linker to perform relocations at startup significantly decreases.";
"1.6.1.1";"selinux-bootloader";"2";"true";"";"compliant";"Rule 1.6.1.1. All linux bootloader entries should enforce selinux.";"Configure SELINUX to be enabled at boot time and verify that it has not been overwritten by the grub boot parameters.";
"1.6.1.2";"selinux";"2";"true";"";"compliant";"Rule 1.6.1.2. Selinux should run in enforcing mode.";"Set SELinux to enable when the system is booted.";
"1.6.1.3";"selinux-policy";"2";"true";"";"compliant";"Rule 1.6.1.3. Selinux policy should be defined.";"Configure SELinux to meet or exceed the default targeted policy, which constrains daemons and system software only.";
"1.6.1.4";"setroubleshoot";"2";"true";"";"compliant";"Rule 1.6.1.4. Setroubleshoot package should not be installed.";"The SETroubleshoot service notifies desktop users of SELinux denials through a user- friendly interface. The service provides important information around configuration errors, unauthorized intrusions, and other potential errors..";
"1.6.1.5";"mcstrans";"2";"true";"";"compliant";"Rule 1.6.1.5. Mcstrans package should not be installed.";"The mcstransd daemon provides category label information to client processes requesting information. The label translations are defined in /etc/selinux/targeted/setrans.conf.";
"1.6.1.6";"unconf-daemons";"2";"true";"";"compliant";"Rule 1.6.1.6. Unconfigured daemons should not run on system.";"Daemons that are not defined in SELinux policy will inherit the security context of their parent process.";
"1.6.2";"selinux-pkg";"2";"true";"";"compliant";"Rule 1.6.2. SElinux should be installed.";"SELinux provides Mandatory Access Controls.";
"1.7.1.1";"motd";"1";"true";"";"compliant";"Rule 1.7.1.1. /etc/motd should not contain sensitive information.";"The contents of the /etc/motd file are displayed to users after login and function as a message of the day for authenticated users.";
"1.7.1.2";"issue";"1";"false";"";"compliant";"Rule 1.7.1.2. /etc/issue should not contain sensitive information.";"The contents of the /etc/issue file are displayed to users prior to login for local terminals.";
"1.7.1.3";"issue_net";"1";"false";"";"compliant";"Rule 1.7.1.3. /etc/issue.net should not contain sensitive information.";"The contents of the /etc/issue.net file are displayed to users prior to login for local terminals.";
"1.7.1.4";"motd_perm_uid";"1";"false";"";"compliant";"Rule 1.7.1.4. /etc/motd should be owned by user root, group root and should have Ã¶permissions 0640.";"The contents of the /etc/motd file are displayed to users after login and function as a message of the day for authenticated users";
"1.7.1.5";"issue_perm";"1";"true";"";"compliant";"Rule 1.7.1.5.1. /etc/issue should be owned by root, group root, permissions 0644.";"The contents of the /etc/issue file are displayed to users prior to login for local terminals.";
"1.7.1.6";"issue_net_perm";"1";"false";"";"compliant";"Rule 1.7.1.6.1. /etc/issue.net should be owned by root";"The contents of the /etc/issue.net file are displayed to users prior to login for remote connections from configured services.";
"1.7.2";"gdm";"1";"true";"";"not compliant";"Rule 1.7.2. GDM should be propperly configured with warning messages.";"GDM is the GNOME Display Manager which handles graphical login for GNOME based systems.";
"1.8";"security-patches";"1";"true";"";"compliant";"Rule 1.8. There are no security patches available.";"Periodically patches are released for included software either due to security flaws or to include additional functionality.";
"2.1.1";"chargen-service";"1";"true";"";"compliant";"Rule 2.1.1. chargen service should be switched off.";"chargen is a network service that responds with 0 to 512 ASCII characters for each connection it receives. This service is intended for debugging and testing purposes. It is recommended that this service be disabled.";
"2.1.2";"daytime-service";"1";"true";"";"compliant";"Rule 2.1.2. daytime service should be switched off.";"daytime is a network service that responds with the servers current date and time. This service is intended for debugging and testing purposes. It is recommended that this service be disabled.";
"2.1.3";"discard-service";"1";"true";"";"compliant";"Rule 2.1.3. discard service should be switched off.";"discard is a network service that simply discards all data it receives. This service is intended for debugging and testing purposes. It is recommended that this service be disabled.";
"2.1.4";"echo-service";"1";"true";"";"compliant";"Rule 2.1.4. echo service should be switched off.";"echo is a network service that responds to clients with the data sent to it by the client. This service is intended for debugging and testing purposes. It is recommended that this service be disabled.";
"2.1.5";"time-service";"1";"true";"";"compliant";"Rule 2.1.5. time service should be switched off.'";"time is a network service that responds with the servers current date and time as a 32 bit integer. This service is intended for debugging and testing purposes. It is recommended that this service be disabled.";
"2.1.6";"tftp-service";"1";"true";"";"compliant";"Rule 2.1.6. tftp service should be switched off.";"Trivial File Transfer Protocol (TFTP) is a simple file transfer protocol, typically used to automatically transfer configuration or boot machines from a boot server. The package tftp-server is used to define and support a TFTP server.";
"2.1.7";"xinetd-service";"1";"true";"";"compliant";"Rule 2.1.7. Xinetd service should be switched off.";"The eXtended InterNET Daemon ( xinetd ) is an open source super daemon that replaced the original inetd daemon. The xinetd daemon listens for well known services and dispatches the appropriate daemon to properly respond to service requests.";
"2.2.1.1";"ntpuse";"1";"false";"";"compliant";"Rule 2.2.1.1 Time synchronization should be used.";"System time should be synchronized between all systems in an environment. This is typically done by establishing an authoritative time server or set of servers and having all systems synchronize their clocks to them.";
"2.2.1.2";"ntp";"1";"true";"";"not compliant";"Rule 2.2.1.2. NTP should be configured propperly.";"ntp is a daemon which implements the Network Time Protocol (NTP). It is designed to synchronize system clocks across a variety of systems and use a source that is highly accurate. More information on NTP can be found at http://www.ntp.org. ntp can be configured to be a client and/or a server. This recommendation only applies if ntp is in use on the system.";
"2.2.10";"httpd";"1";"true";"";"compliant";"Rule 2.2.10. Http daemon should be disbaled.";"The File Transfer Protocol (FTP) provides networked computers with the ability to transfer files.";
"2.2.11";"dovecot";"1";"true";"";"compliant";"Rule 2.2.11. Dovecot daemon should be disbaled.";"dovecot is an open source IMAP and POP3 server for Linux based systems.";
"2.2.12";"smb";"1";"true";"";"compliant";"Rule 2.2.12. Smb daemon should be disbaled.";"The Samba daemon allows system administrators to configure their Linux systems to share file systems and directories with Windows desktops. Samba will advertise the file systems and directories via the Small Message Block (SMB) protocol. Windows desktop users will be able to mount these directories and file systems as letter drives on their systems.";
"2.2.13";"squid";"1";"true";"";"compliant";"Rule 2.2.13. Squid daemon should be disbaled.";"Squid is a standard proxy server used in many distributions and environments.";
"2.2.14";"snmpd";"1";"true";"";"compliant";"Rule 2.2.14. Snmp daemon should be disbaled.";"The Simple Network Management Protocol (SNMP) server is used to listen for SNMP commands from an SNMP management system, execute the commands or collect the information and then send results back to the requesting system.";
"2.2.16";"ypserv";"1";"true";"";"compliant";"Rule 2.2.16. NIS server daemon should be disbaled.";"The Network Information Service (NIS) (formally known as Yellow Pages) is a client-server directory service protocol for distributing system configuration files. The NIS server is a collection of programs that allow for the distribution of configuration files.";
"2.2.17";"rsh";"1";"true";"";"compliant";"Rule 2.2.17. RSH server daemon should be disbaled.";"The Berkeley rsh-server ( rsh , rlogin , rexec ) package contains legacy services that exchange credentials in clear-text.";
"2.2.18";"ntalk";"1";"true";"";"compliant";"Rule 2.2.18. Talk server daemon should be disbaled.";"The talk software makes it possible for users to send and receive messages across systems through a terminal session. The talk client (allows initiate of talk sessions) is installed by default.";
"2.2.19";"telnet";"1";"true";"";"compliant";"Rule 2.2.19. Telnet server daemon should be disbaled.";"The telnet-server package contains the telnet daemon, which accepts connections from users from other systems via the telnet protocol.";
"2.2.2";"x11-installed";"1";"true";"";"compliant";"Rule 2.2.2. There should be no X11 packages installed.";"The X Window System provides a Graphical User Interface (GUI) where users can have multiple windows in which to run programs and various add on. The X Windows system is typically used on workstations where users login, but not on servers where users typically do not login.";
"2.2.20";"tftp";"1";"true";"";"compliant";"Rule 2.2.20. Tftp server daemon should be disbaled.";"Trivial File Transfer Protocol (TFTP) is a simple file transfer protocol, typically used to automatically transfer configuration or boot machines from a boot server. The package tftp-server is used to define and support a TFTP server.";
"2.2.21";"rsyncd";"1";"true";"";"compliant";"Rule 2.2.21. Rsync servicve should be disbaled.";"The rsyncd service can be used to synchronize files between systems over network links.";
"2.2.3";"avahi-daemon";"1";"true";"";"compliant";"Rule 2.2.3. Avahi daemon should be disbaled.";"Avahi is a free zeroconf implementation, including a system for multicast DNS/DNS-SD service discovery. Avahi allows programs to publish and discover services and hosts running on a local network with no specific configuration. For example, a user can plug a computer into a network and Avahi automatically finds printers to print to, files to look at and people to talk to, as well as network services running on the machine.";
"2.2.4";"cups";"1";"true";"";"compliant";"Rule 2.2.4. Cups daemon should be disbaled.";"The Common Unix Print System (CUPS) provides the ability to print to both local and network printers. A system running CUPS can also accept print jobs from remote systems and print them to local printers. It also provides a web based remote administration capability.";
"2.2.5";"dhcpd";"1";"true";"";"compliant";"Rule 2.2.5. Dhcpd daemon should be disbaled.";"The Dynamic Host Configuration Protocol (DHCP) is a service that allows machines to be dynamically assigned IP addresses.";
"2.2.6";"slapd";"1";"true";"";"compliant";"Rule 2.2.6. Ldap daemon should be disbaled.";"The Lightweight Directory Access Protocol (LDAP) was introduced as a replacement for NIS/YP. It is a service that provides a method for looking up information from a central database.";
"2.2.7";"nfs-rpcbind";"1";"true";"";"compliant";"Rule 2.2.7. Nfs and rpcbind daemons should beshould be disbaled.";"The Network File System (NFS) is one of the first and most widely distributed file systems in the UNIX environment. It provides the ability for systems to mount file systems of other servers through the network.";
"2.2.8";"dns";"1";"true";"";"compliant";"Rule 2.2.8. Dns daemon should be disbaled.";"The Domain Name System (DNS) is a hierarchical naming system that maps names to IP addresses for computers, services and other resources connected to a network.";
"2.2.9";"vsftpd";"1";"true";"";"compliant";"FRule 2.2.9. Vsftpd daemon should be disbaled.";"The File Transfer Protocol (FTP) provides networked computers with the ability to transfer files.";
"2.3.1";"ypcbind";"1";"true";"";"compliant";"Rule 2.3.1. NIS client package should be removed.";"The Network Information Service (NIS), formerly known as Yellow Pages, is a client-server directory service protocol used to distribute system configuration files. The NIS client ( ypbind ) was used to bind a machine to an NIS server and receive the distributed configuration files.";
"2.3.2";"rsh_client";"1";"true";"";"compliant";"Rule 2.3.2. RSH client package should be removed.";"The rsh package contains the client commands for the rsh services.";
"2.3.3";"talk-client";"1";"true";"";"compliant";"Rule 2.3.3. Talk client package should be removed.";"The talk software makes it possible for users to send and receive messages across systems through a terminal session. The talk client, which allows initialization of talk sessions, is installed by default.";
"2.3.4";"telnet-client";"1";"true";"";"compliant";"Rule 2.3.4. Telnet client package should be removed.";"The telnet package contains the telnet client, which allows users to start connections to other systems via the telnet protocol.";
"2.3.5";"openldap-client";"1";"true";"";"compliant";"Rule 2.3.5. Openldap client package should be removed.";"The Lightweight Directory Access Protocol (LDAP) was introduced as a replacement for NIS/YP. It is a service that provides a method for looking up information from a central database.";
"3.1.1";"ip-forwarding";"1";"true";"";"compliant";"Rule 3.1.1. IP forwarding should be disabled.";"The net.ipv4.ip_forward flag is used to tell the system whether it can forward packets or not.";
"3.1.2";"package-redirect-all";"1";"true";"";"compliant";"Rule 3.1.2. Packet redirect sending should be disabled.";"ICMP Redirects are used to send routing information to other hosts. As a host itself does not act as a router (in a host only configuration), there is no need to send redirects.";
"3.2.1";"source-routes-packet-all";"1";"true";"";"compliant";"Rule 3.2.1. Source routes packets should not be accepted.";"In networking, source routing allows a sender to partially or fully specify the route packets take through a network. In contrast, non-source routed packets travel a path determined by routers in the network. In some cases, systems may not be routable or reachable from some locations (e.g. private addresses vs. Internet routable), and so source routed packets would need to be used.";
"3.2.2";"icmp-redirect-all";"1";"true";"";"compliant";"Rule 3.2.2. ICMP redirects should not be accepted.";"ICMP redirect messages are packets that convey routing information and tell your host (acting as a router) to send packets via an alternate path. It is a way of allowing an outside routing device to update your system routing tables. By setting net.ipv4.conf.all.accept_redirects to 0, the system will not accept any ICMP redirect messages, and therefore, wont allow outsiders to update the systems routing tables.";
"3.2.3";"icmp-secure-redirect-all";"1";"true";"";"compliant";"Rule 3.2.3. Secure ICMP redirects should not be accepted.";"Secure ICMP redirects are the same as ICMP redirects, except they come from gateways listed on the default gateway list. It is assumed that these gateways are known to your system, and that they are likely to be secure.";
"3.2.4";"log-suspicious-packets-all";"1";"true";"";"compliant";"Rule 3.2.4. Suspicious packets are should be logged.";"When enabled, this feature logs packets with un-routable source addresses to the kernel log.";
"3.2.5";"broadcast-icmp-requests";"1";"true";"";"compliant";"Rule 3.2.5. Broadcast ICMP requests should be ignored.";"Setting net.ipv4.icmp_echo_ignore_broadcasts to 1 will cause the system to ignore all ICMP echo and timestamp requests to broadcast and multicast addresses.";
"3.2.6";"bogus-icmp-responses";"1";"true";"";"compliant";"Rule 3.2.6. Bogus ICMP responses should be ignored.";"Setting icmp_ignore_bogus_error_responses to 1 prevents the kernel from logging bogus responses (RFC-1122 non-compliant) from broadcast reframes, keeping file systems from filling up with useless log messages.";
"3.2.7";"reverse-path-filtering-all";"1";"true";"";"compliant";"Rule 3.2.7. Reversye path filterig should be enabled.";"Setting net.ipv4.conf.all.rp_filter and net.ipv4.conf.default.rp_filter to 1 forces the Linux kernel to utilize reverse path filtering on a received packet to determine if the packet was valid. Essentially, with reverse path filtering, if the return packet does not go out the same interface that the corresponding source packet came from, the packet is dropped (and logged if log_martians is set).";
"3.2.8";"tcp-syn-cookoes";"1";"true";"";"compliant";"Rule 3.2.8. TCP SYN cookies should be enabled.";"When tcp_syncookies is set, the kernel will handle TCP SYN packets normally until the half-open connection queue is full, at which time, the SYN cookie functionality kicks in. SYN cookies work by not using the SYN queue at all. Instead, the kernel simply replies to the SYN with a SYN|ACK, but will include a specially crafted TCP sequence number that encodes the source and destination IP address and port number and the time the packet was sent. A legitimate connection would send the ACK packet of the three way handshake with the specially crafted sequence number. This allows the system to verify that it has received a valid response to a SYN cookie and allow the connection, even though there is no corresponding SYN in the queue.";
"3.3.1";"ipv6-router-advertisements-all";"1";"false";"";"compliant";"Rule 3.3.1. IPv6 router advertisements should not be accepred.";"This setting disables the systems ability to accept IPv6 router advertisements.";
"3.3.2";"ipv6-redirects-all";"1";"false";"";"compliant";"Rule 3.3.2. IPv6 redirects should not be accepted.";"This setting prevents the system from accepting ICMP redirects. ICMP redirects tell the system about alternate routes for sending traffic.";
"3.3.3";"ipv6-disabled-all";"1";"false";"";"compliant";"Rule 3.3.3. IPv6 should be disabled.";"Although IPv6 has many advantages over IPv4, few organizations have implemented IPv6.";
"3.4.1";"tcp-wrappers";"1";"true";"";"compliant";"Rule 3.4.1. TCP wrappers should be installed.";"TCP Wrappers provides a simple access list and standardized logging method for services capable of supporting it. In the past, services that were called from inetd and xinetd supported the use of tcp wrappers. As inetd and xinetd have been falling in disuse, any service that can support tcp wrappers will have the libwrap.so library attached to it.";
"3.4.2";"hosts-allow";"1";"true";"";"compliant";"Rule 3.4.2. /etc/hosts.allow should be configured.";"The /etc/hosts.allow file specifies which IP addresses are permitted to connect to the host. It is intended to be used in conjunction with the /etc/hosts.deny file.";
"3.4.3";"hosts-deny";"1";"true";"";"compliant";"Rule 3.4.3. /etc/hosts.deny should be configured.";"The /etc/hosts.deny file specifies which IP addresses are not permitted to connect to the host. It is intended to be used in conjunction with the /etc/hosts.allow file.";
"3.5.1";"net-dccp";"1";"false";"";"compliant";"Rule 3.5.1. DCCP should bedisabled.";"The Datagram Congestion Control Protocol (DCCP) is a transport layer protocol that supports streaming media and telephony. DCCP provides a way to gain access to congestion control, without having to do it at the application layer, but does not provide in- sequence delivery.";
"3.5.2";"net-sctp";"1";"false";"";"compliant";"Rule 3.5.2. SCTP should be disabled.";"The Stream Control Transmission Protocol (SCTP) is a transport layer protocol used to support message oriented communication, with several streams of messages in one connection. It serves a similar function as TCP and UDP, incorporating features of both. It is message-oriented like UDP, and ensures reliable in-sequence transport of messages with congestion control like TCP.";
"3.5.3";"net-rds";"1";"false";"";"compliant";"Rule 3.5.3. RDS should be disabled.";"The Reliable Datagram Sockets (RDS) protocol is a transport layer protocol designed to provide low-latency, high-bandwidth communications between cluster nodes. It was developed by the Oracle Corporation.";
"3.5.4";"net-tipc";"1";"false";"";"compliant";"Rule 3.5.4. TIPC should be disabled.";"The Transparent Inter-Process Communication (TIPC) protocol is designed to provide communication between cluster nodes.";
"3.6.1";"iptables";"1";"true";"";"compliant";"Rule 3.6.1. Iptables package should be installed.";"iptables allows configuration of the IPv4 tables in the linux kernel and the rules stored within them. Most firewall configuration utilities operate as a front end to iptables.";
"4.1.1";"auditd-init";"2";"false";"";"compliant";"Rule 4.1.1. Auditd should be initialized.";"initialize auditd rules file";
"4.1.1.1";"auditd-max-log-file";"2";"true";"";"compliant";"Rule 4.1.1.1. Auditd should have a log storage size of 32 MB.";"Configure the maximum size of the audit log file. Once the log reaches the maximum size, it will be rotated and a new log file will be started.";
"4.1.1.2";"auditd-disable-when-full";"2";"true";"";"compliant";"Rule 4.1.1.2. Auditd setting for action_mail_acct and/or admin_space_left_action and/or space_left_action are not correct.";"The auditd daemon can be configured to halt the system when the audit logs are full.";
"4.1.1.3";"auditd-max-logfile-action";"2";"true";"";"compliant";"Rule 4.1.1.3. Auditd setting for max_log_file_action is not correct.";"The auditd daemon can be configured to halt the system when the audit logs are full.";
"4.1.10";"auditd-perm-mod";"2";"true";"";"compliant";"Rule 4.1.10. Auditd should have a rule to collect discretionary access control permission modification events.";"Monitor changes to file permissions, attributes, ownership and group. The parameters in this section track changes for system calls that affect file permissions and attributes. The chmod , fchmod and fchmodat system calls affect the permissions associated with a file. The chown , fchown , fchownat and lchown system calls affect owner and group attributes on a file. The setxattr , lsetxattr , fsetxattr (set extended file attributes) and removexattr , lremovexattr , fremovexattr (remove extended file attributes) control extended file attributes. In all cases, an audit record will only be written for non-system user ids (auid >= 1000) and will ignore Daemon events (auid = 4294967295). All audit records will be tagged with the identifier perm_mod.";
"4.1.11";"auditd-access";"2";"true";"";"compliant";"Rule 4.1.11. Auditd should have a rule to collect unsuccessful unauthorized file access attempts.";"Monitor for unsuccessful attempts to access files. The parameters below are associated with system calls that control creation ( creat ), opening ( open , openat ) and truncation ( truncate , ftruncate ) of files. An audit log record will only be written if the user is a non- privileged user (auid > = 1000), is not a Daemon event (auid=4294967295) and if the system call returned EACCES (permission denied to the file) or EPERM (some other permanent error associated with the specific system call). All audit records will be tagged with the identifier access.";
"4.1.12";"auditd-priv-cmds";"2";"true";"";"compliant";"Rule 4.1.12. Auditd should have a rule to collect use of privileged commands.";"Monitor privileged programs (those that have the setuid and/or setgid bit set on execution) to determine if unprivileged users are running these commands.";
"4.1.13";"auditd-mounts";"2";"true";"";"compliant";"Rule 4.1.13. Auditd should have a rule to collect successful file system mounts.";"Monitor the use of the mount system call. The mount (and umount ) system call controls the mounting and unmounting of file systems. The parameters below configure the system to create an audit record when the mount system call is used by a non-privileged user.";
"4.1.14";"auditd-delete";"2";"true";"";"compliant";"Rule 4.1.14. Auditd should have a rule to collect file deletion events by users.";"Monitor the use of system calls associated with the deletion or renaming of files and file attributes. This configuration statement sets up monitoring for the unlink (remove a file), unlinkat (remove a file attribute), rename (rename a file) and renameat (rename a file attribute) system calls and tags them with the identifier delete.";
"4.1.15";"auditd-scope";"2";"true";"";"compliant";"Rule 4.1.11. Auditd should have a rule to collect unsuccessful unauthorized file access attempts.";"Monitor scope changes for system administrations. If the system has been properly configured to force system administrators to log in as themselves first and then use the sudo command to execute privileged commands, it is possible to monitor changes in scope. The file /etc/sudoers will be written to when the file or its attributes have changed. The audit records will be tagged with the identifier scope.";
"4.1.16";"auditd-actions";"2";"true";"";"compliant";"Rule 4.1.11. Auditd should have a rule to collect file deletion events by users.";"Monitor the sudo log file. If the system has been properly configured to disable the use of the su command and force all administrators to have to log in first and then use sudo to execute privileged commands, then all administrator commands will be logged to /var/log/sudo.log . Any time a command is executed, an audit event will be triggered as the /var/log/sudo.log file will be opened for write and the executed administration command will be written to the log.";
"4.1.17";"auditd-modules";"1";"true";"";"compliant";"Rule 4.1.17. Auditd should have a rule to collect kernel module loading and unloading events.";"Monitor privileged programs (those that have the setuid and/or setgid bit set on execution) to determine if unprivileged users are running these commands.";
"4.1.18";"auditd-immutable";"1";"true";"";"compliant";"Rule 4.1.18. Auditd configutation should be immutable.";"Set system audit so that audit rules cannot be modified with auditctl . Setting the flag -e 2 forces audit to be put in immutable mode. Audit changes can only be made on system reboot.";
"4.1.2";"auditd-service";"2";"true";"";"compliant";"Rule 4.1.2. Auditd should be enabled and running.";"Turn on the auditd daemon to record system events.";
"4.1.3";"auditd-process";"2";"true";"";"compliant";"Rule 4.1.3. Auditd process should be configured in grub.";"Configure grub so that processes that are capable of being audited can be audited even if they start up prior to auditd startup.";
"4.1.4";"auditd-time-change";"2";"true";"";"compliant";"Rule 4.1.5. Auditd should have a rule to collect events changing date and time.";"Capture events where the system date and/or time has been modified. The parameters in this section are set to determine if the adjtimex (tune kernel clock), settimeofday (Set time, using timeval and timezone structures) stime (using seconds since 1/1/1970) or clock_settime (allows for the setting of several internal clocks and timers) system calls have been executed and always write an audit record to the /var/log/audit.log file upon exit, tagging the records with the identifier time-change";
"4.1.5";"auditd-identity";"2";"true";"";"compliant";"Rule 4.1.5. Auditd should have a rule to collect events changing identity.";"Record events affecting the group , passwd (user IDs), shadow and gshadow (passwords) or /etc/security/opasswd (old passwords, based on remember parameter in the PAM configuration) files. The parameters in this section will watch the files to see if they have been opened for write or have had attribute changes (e.g. permissions) and tag them with the identifier identity in the audit log file.";
"4.1.6";"auditd-locale";"2";"true";"";"compliant";"Rule 4.1.6. Auditd should have a rule to ccollect events modifying network environment.";"Record changes to network environment files or system calls. The below parameters monitor the sethostname (set the systems host name) or setdomainname (set the systems domainname) system calls, and write an audit event on system call exit. The other parameters monitor the /etc/issue and /etc/issue.net files (messages displayed pre- login), /etc/hosts (file containing host names and associated IP addresses), /etc/sysconfig/network file and /etc/sysconfig/network-scripts/ directory (containing network interface scripts and configurations).";
"4.1.7";"auditd-mac-policy";"2";"true";"";"compliant";"Rule 4.1.7. Auditd should have a rule to collect events changing mandatory access controls.";"Monitor SELinux mandatory access controls. The parameters below monitor any write access (potential additional, deletion or modification of files in the directory) or attribute changes to the /etc/selinux or directory.";
"4.1.8";"auditd-logins";"2";"true";"";"compliant";"Rule 4.1.8. Auditd should have a rule to collect login and logout events.";"Monitor login and logout events. The parameters below track changes to files associated with login/logout events. The file /var/log/lastlog maintain records of the last time a user successfully logged in. The /var/run/failock directory maintains records of login failures via the pam_faillock module.";
"4.1.9.1";"auditd-session";"2";"true";"";"compliant";"Rule 4.1.9.1. Auditd should have a rule to collect session initiation events.";"Monitor session initiation events. The parameters in this section track changes to the files associated with session events. The file /var/run/utmp file tracks all currently logged in users. All audit records will be tagged with the identifier session.";
"4.1.9.2";"auditd-session-logins";"2";"true";"";"compliant";"Rule 4.1.9.2. Auditd should have a rule to collect session initiation events (logins).";"Monitor session initiation events. The /var/log/wtmp file tracks logins, logouts, shutdown, and reboot events. The file /var/log/btmp keeps track of failed login attempts and can be read by entering the command /usr/bin/last -f /var/log/btmp . All audit records will be tagged with the identifier logins.";
"4.2.1.1";"rsyslog-service";"1";"true";"";"compliant";"Rule 4.2.1.1 Rsyslog service should be enabled.";"Once the rsyslog package is installed it needs to be activated.";
"4.2.1.3";"rsyslog-default-file-perms";"1";"true";"";"compliant";"Rule 4.2.1.3 Rsyslog service should be creating files with pmissions 0640.";"rsyslog will create logfiles that do not already exist on the system. This setting controls what permissions will be applied to these newly created files.";
"4.2.1.4";"rsyslog-remote-logs";"1";"true";"";"compliant";"Rule 4.2.1.4 Rsyslog service should send logs to a remote syslog host.";"The rsyslog utility supports the ability to send logs it gathers to a remote log host running syslogd(8) or to receive messages from remote hosts, reducing administrative overhead.";
"4.2.1.5";"rsyslog-remote-syslog";"1";"false";"";"compliant";"Rule 4.2.1.5 Rsyslog should not accept log messages from other hosts.";"By default, rsyslog does not listen for log messages coming in from remote systems. The ModLoad tells rsyslog to load the imtcp.so module so it can listen over a network via TCP. The InputTCPServerRun option instructs rsyslogd to listen on the specified TCP port.";
"4.3";"logrotate";"1";"false";"";"compliant";"Rule 4.3. Logrotate should be installed.";"The system includes the capability of rotating log files regularly to avoid filling up the system with logs or making the logs unmanageable large. The file /etc/logrotate.d/syslog is the configuration file used to rotate log files created by syslog or rsyslog.";
"5.1.1";"crond";"1";"true";"";"compliant";"Rule 5.1.1. Crond should run.";"The cron daemon is used to execute batch jobs on the system.";
"5.1.2";"etc-crontab";"1";"true";"";"compliant";"Rule 5.1.2. /etc/crontab should be uid 0, gid 0 and permissions 0600.";"The /etc/crontab file is used by cron to control its own jobs. The commands in this item make sure that root is the user and group owner of the file and that only the owner can access the file.";
"5.1.3";"etc-cron-houly";"1";"true";"";"compliant";"Rule 5.1.3. /etc/cron.hourly should be uid 0, gid 0 and permissions 0700.";"This directory contains system cron jobs that need to run on an hourly basis. The files in this directory cannot be manipulated by the crontab command, but are instead edited by system administrators using a text editor. The commands below restrict read/write and search access to user and group root, preventing regular users from accessing this directory.";
"5.1.4";"etc-cron-daily";"1";"true";"";"compliant";"Rule 5.1.4. /etc/cron.daily should be uid 0, gid 0 and permissions 0700.";"The /etc/cron.daily directory contains system cron jobs that need to run on a daily basis. The files in this directory cannot be manipulated by the crontab command, but are instead edited by system administrators using a text editor. The commands below restrict read/write and search access to user and group root, preventing regular users from accessing this directory.";
"5.1.5";"etc-cron-weekly";"1";"true";"";"compliant";"Rule 5.1.5. /etc/cron.daily should be uid 0, gid 0 and permissions 0700.";"The /etc/cron.weekly directory contains system cron jobs that need to run on a weekly basis. The files in this directory cannot be manipulated by the crontab command, but are instead edited by system administrators using a text editor. The commands below restrict read/write and search access to user and group root, preventing regular users from accessing this directory.";
"5.1.6";"etc-cron-monthly";"1";"true";"";"compliant";"Rule 5.1.6. /etc/cron.monthly should be uid 0, gid 0 and permissions 0700.";"The /etc/cron.monthly directory contains system cron jobs that need to run on a monthly basis. The files in this directory cannot be manipulated by the crontab command, but are instead edited by system administrators using a text editor. The commands below restrict read/write and search access to user and group root, preventing regular users from accessing this directory.";
"5.1.7";"etc-cron-d";"1";"true";"";"compliant";"Rule 5.1.7. /etc/cron.d should be uid 0, gid 0 and permissions 0700.";"The /etc/cron.d directory contains system cron jobs that need to run in a similar manner to the hourly, daily weekly and monthly jobs from /etc/crontab , but require more granular control as to when they run. The files in this directory cannot be manipulated by the crontab command, but are instead edited by system administrators using a text editor. The commands below restrict read/write and search access to user and group root, preventing regular users from accessing this directory.";
"5.1.8";"cron-restrict";"1";"true";"";"compliant";"Rule 5.1.8. Cron should be restricted with /etc/cron.allow, /etc/cron.deny, /etc/at.allow, /etc/at.deny all owned by uid 0, gid 0 and permissions 0600.";"Configure /etc/cron.allow and /etc/at.allow to allow specific users to use these services. If /etc/cron.allow or /etc/at.allow do not exist, then /etc/at.deny and /etc/cron.deny are checked. Any user not specifically defined in those files is allowed to use at and cron. By removing the files, only users in /etc/cron.allow and /etc/at.allow are allowed to use at and cron. Note that even though a given user is not listed in cron.allow , cron jobs can still be run as that user. The cron.allow file only controls administrative access to the crontab command for scheduling and modifying cron jobs.";
"5.2.1";"sshd-config-file";"1";"true";"";"compliant";"Rule 5.2.1. The file /etc/ssh/sshd_conf should be owned by uid 0, gid 0 and should have permissions 0600.";"The /etc/ssh/sshd_config file contains configuration specifications for sshd. The command below sets the owner and group of the file to root.";
"5.2.10";"sshd-user-environment";"1";"true";"";"compliant";"Rule 5.2.10. The sshd parameter PermitUserEnvironment should be no.";"The PermitUserEnvironment option allows users to present environment options to the ssh daemon.";
"5.2.11";"sshd-macs";"1";"true";"";"compliant";"Rule 5.2.11. The sshd parameter MACs should be configured with strong MAC algorithms.";"This variable limits the types of MAC algorithms that SSH can use during communication.";
"5.2.12";"sshd-timeouts";"1";"true";"";"compliant";"Rule 5.2.12. The sshd parameter ClientAliveInterval should be 300 and the parameter ClientAliveCountMax should be 0.";"The two options ClientAliveInterval and ClientAliveCountMax control the timeout of ssh sessions. When the ClientAliveInterval variable is set, ssh sessions that have no activity for the specified length of time are terminated. When the ClientAliveCountMax variable is set, sshd will send client alive messages at every ClientAliveInterval interval. When the number of consecutive client alive messages are sent with no response from the client, the ssh session is terminated. For example, if the ClientAliveInterval is set to 15 seconds and the ClientAliveCountMax is set to 3, the client ssh session will be terminated after 45 seconds of idle time.";
"5.2.13";"sshd-login-gracetime";"1";"true";"";"compliant";"Rule 5.2.13. The sshd parameter LoginGraceTime should be 60.";"The LoginGraceTime parameter specifies the time allowed for successful authentication to the SSH server. The longer the Grace period is the more open unauthenticated connections can exist. Like other session controls in this session the Grace Period should be limited to appropriate organizational limits to ensure the service is available for needed access.";
"5.2.14";"sshd-linit-access";"1";"true";"";"compliant";"Rule 5.2.14. The sshd access limitations should be configured.";"There are several options available to limit which users and group can access the system via SSH.";
"5.2.15";"sshd-banner";"1";"true";"";"compliant";"Rule 5.2.15. The sshd parameter Banner should be /etc/issue.net.";"The Banner parameter specifies a file whose contents must be sent to the remote user before authentication is permitted. By default, no banner is displayed.";
"5.2.2";"sshd-protocol";"1";"true";"";"compliant";"Rule 5.2.2. The sshd protocol should be 2.";"SSH supports two different and incompatible protocols: SSH1 and SSH2. SSH1 was the original protocol and was subject to security issues. SSH2 is more advanced and secure.";
"5.2.3";"sshd-loglevel";"1";"true";"";"compliant";"Rule 5.2.3. The sshd loglevel should be INFO.";"The INFO parameter specifies that login and logout activity will be logged.";
"5.2.4";"sshd-x11forward";"1";"true";"";"compliant";"Rule 5.2.4. The sshd parameter X11Forward should be no.";"The X11Forwarding parameter provides the ability to tunnel X11 traffic through the connection to enable remote graphic connections.";
"5.2.5";"sshd-maxauthtries";"1";"true";"";"compliant";"Rule 5.2.5. The sshd parameter MaxAuthTries should be 4.";"The MaxAuthTries parameter specifies the maximum number of authentication attempts permitted per connection. When the login failure count reaches half the number, error messages will be written to the syslog file detailing the login failure.";
"5.2.6";"sshd-ignore-rhosts";"1";"true";"";"compliant";"Rule 5.2.6. The sshd parameter IgnoreRhosts should be yes.";"The IgnoreRhosts parameter specifies that .rhosts and .shosts files will not be used in RhostsRSAAuthentication or HostbasedAuthentication .";
"5.2.7";"sshd-hostbased-auth";"1";"true";"";"compliant";"Rule 5.2.7. The sshd parameter HostbasedAuthentication should be no.";"The HostbasedAuthentication parameter specifies if authentication is allowed through trusted hosts via the user of .rhosts , or /etc/hosts.equiv , along with successful public key client host authentication. This option only applies to SSH Protocol Version 2.";
"5.2.8";"sshd-root-login";"1";"true";"";"compliant";"Rule 5.2.8. The sshd parameter PermitRootLogin should be no.";"The PermitRootLogin parameter specifies if the root user can log in using ssh(1). The default is no.";
"5.2.9";"sshd-empty-passwords";"1";"true";"";"compliant";"Rule 5.2.9. The sshd parameter PermitEmptyPasswords should be no.";"The PermitEmptyPasswords parameter specifies if the SSH server allows login to accounts with empty password strings.";
"5.3.1";"password-complexity-minlen";"1";"true";"";"compliant";"Rule 5.3.1. A password should be 14 characters and contain at least a lower and a aupper case letter, a digit and a special character.";"The pam_pwquality.so module checks the strength of passwords. It performs checks such as making sure a password is not a dictionary word, it is a certain length, contains a mix of characters (e.g. alphabet, numeric, other) and more. The following are definitions of the pam_pwquality .so options.";
"5.3.2";"password-lockout";"1";"true";"";"compliant";"Rule 5.3.2. Lockout of users after a number of failed logins schould be configured.";"Lock out users after n unsuccessful consecutive login attempts. The first sets of changes are made to the PAM configuration files. The second set of changes are applied to the program specific PAM configuration file. The second set of changes must be applied to each program that will lock out users. Check the documentation for each secondary program for instructions on how to configure them to work with PAM. Set the lockout number to the policy in effect at your site.";
"5.3.3";"password-reuse";"1";"true";"";"compliant";"Rule 5.3.3. The last 5 passwords shopud not be reused.";"The /etc/security/opasswd file stores the users old passwords and can be checked to ensure that users are not recycling recent passwords.";
"5.3.4";"password-sha512";"1";"true";"";"compliant";"Rule 5.3.4. Passwords should be encrypted with sha512 algorithm.";"The commands below change password encryption from md5 to sha512 (a much stronger hashing algorithm). All existing accounts will need to perform a password change to upgrade the stored hashes to the new algorithm.";
"5.4.1.1";"password-max-days";"1";"true";"";"compliant";"Rule 5.4.1.1. Password expiration should be 365 days or less.";"The PASS_MAX_DAYS parameter in /etc/login.defs allows an administrator to force passwords to expire once they reach a defined age. It is recommended that the PASS_MAX_DAYS parameter be set to less than or equal to 365 days.";
"5.4.1.2";"password-min-days";"1";"true";"";"compliant";"Rule 5.4.1.2. Minimum days between password changes should be 7 or more.";"The PASS_MIN_DAYS parameter in /etc/login.defs allows an administrator to prevent users from changing their password until a minimum number of days have passed since the last time the user changed their password. It is recommended that PASS_MIN_DAYS parameter be set to 7 or more days.";
"5.4.1.3";"password-warn-days";"1";"true";"";"compliant";"Rule 5.4.1.3. Password expiration warning days should be 7 or more.";"The PASS_WARN_AGE parameter in /etc/login.defs allows an administrator to notify users that their password will expire in a defined number of days. It is recommended that the PASS_WARN_AGE parameter be set to 7 or more days.";
"5.4.1.4";"password-inactive-days";"1";"true";"";"compliant";"Rule 5.4.1.4. Inactive password lock days should be 30 or less.";"User accounts that have been inactive for over a given period of time can be automatically disabled. It is recommended that accounts that are inactive for 30 days after password expiration be disabled.";
"5.4.1.5";"password-last-change-in-past";"1";"true";"";"compliant";"Rule 5.4.1.5. No users should have a password change date in the future.";"All users should have a password change date in the past.";
"5.4.2";"nologin-shell";"1";"true";"";"compliant";"Rule 5.4.2. No special accounts should have a shell different from /sbin/nologin.";"There are a number of accounts provided with Red Hat 7 that are used to manage applications and are not intended to provide an interactive shell.";
"5.4.3";"root-gid";"1";"true";"";"compliant";"Rule 5.4.3. Root account should have gid 0.";"The usermod command can be used to specify which group the root user belongs to. This affects permissions of files that are created by the root user.";
"5.4.4";"umask-setting";"1";"true";"";"compliant";"Rule 5.4.4. Default user umask should be 027 or more restrictive.";"The default umask determines the permissions of files created by users. The user creating the file has the discretion of making their files and directories readable by others via the chmod command. Users who wish to allow their files and directories to be readable by others by default may choose a different default umask by inserting the umask command into the standard shell configuration files ( .profile , .bashrc , etc.) in their home directories.";
"5.4.5";"timeout-setting";"1";"true";"";"compliant";"Rule 5.4.5. Default user shell timeout should be 900 seconds or less.";"The default umask determines the permissions of files created by users. The user creating the file has the discretion of making their files and directories readable by others via the chmod command. Users who wish to allow their files and directories to be readable by others by default may choose a different default umask by inserting the umask command into the standard shell configuration files ( .profile , .bashrc , etc.) in their home directories.";
"5.6";"restrict-su";"1";"true";"";"compliant";"Rule 5.6. Access to su should be restricted.";"The su command allows a user to run a command or shell as another user. The program has been superseded by sudo , which allows for more granular control over privileged access. Normally, the su command can be executed by any user. By uncommenting the pam_wheel.so statement in /etc/pam.d/su , the su command will only allow users in the wheel group to execute su .";
"6.1.1";"system-file-perms";"2";"false";"";"not compliant";"Rule 6.1.1. Files with discrepances to the rpm definitions found.";"The RPM package manager has a number of useful options. One of these, the --verify (or - V ) option, can be used to verify that system packages are correctly installed. The --verify option can be used to verify a particular package or to verify all system packages. If no output is returned, the package is installed correctly.";
"6.1.10";"world-writable-files";"1";"true";"";"compliant";"Rule 6.1.10. There should be no world writable files.";"Unix-based systems support variable settings to control access to files. World writable files are the least secure. See the chmod(2) man page for more information.";
"6.1.11";"unowned-files";"1";"true";"";"compliant";"Rule 6.1.11. There should be no unowned files.";"Sometimes when administrators delete users from the password file they neglect to remove all files owned by those users from the system.";
"6.1.12";"ungrouped-files";"1";"true";"";"compliant";"Rule 6.1.12. There should be no ungrouped files.";"Sometimes when administrators delete users or groups from the system they neglect to remove all files owned by those users or groups.";
"6.1.2";"passwd-perms";"1";"true";"";"compliant";"Rule 6.1.2. Wrong permissions for /etc/passwd.";"The /etc/passwd file contains user account information that is used by many system utilities and therefore must be readable for these utilities to operate.";
"6.1.3";"shadow-perms";"1";"true";"";"compliant";"Rule 6.1.3. Wrong permissions for /etc/shadow.";"The /etc/shadow file is used to store the information about user accounts that is critical to the security of those accounts, such as the hashed password and other security information.";
"6.1.4";"group-perms";"1";"true";"";"compliant";"Rule 6.1.4. Wrong permissions for /etc/group.";"The /etc/group file contains a list of all the valid groups defined in the system. The command below allows read/write access for root and read access for everyone else.";
"6.1.5";"gshadow-perms";"1";"true";"";"compliant";"Rule 6.1.5. Wrong permissions for /etc/gshadow.";"The /etc/gshadow file is used to store the information about groups that is critical to the security of those accounts, such as the hashed password and other security information.";
"6.1.6";"passwd-bak-perms";"1";"true";"";"compliant";"Rule 6.1.6. Wrong permissions for /etc/passwd-.";"The /etc/passwd- file contains backup user account information.";
"6.1.7";"shadow-bak-perms";"1";"true";"";"compliant";"Rule 6.1.7. Wrong permissions for /etc/shadow-.";"The /etc/shadow- file is used to store backup information about user accounts that is critical to the security of those accounts, such as the hashed password and other security information.";
"6.1.8";"group-bak-perms";"1";"true";"";"compliant";"Rule 6.1.8. Wrong permissions for /etc/group-.";"The /etc/group- file contains a backup list of all the valid groups defined in the system.";
"6.1.9";"gshadow-bak-perms";"1";"true";"";"compliant";"Rule 6.1.9. Wrong permissions for /etc/gshadow-.";"The /etc/gshadow- file is used to store backup information about groups that is critical to the security of those accounts, such as the hashed password and other security information.";
"6.2.1";"empty-password-fields";"1";"true";"";"compliant";"Rule 6.2.1. There should be no users with empty passwords.";"An account with an empty password field means that anybody may log in as that user without providing a password.";
"6.2.10";"users-dot-files-write";"1";"true";"";"compliant";"Rule 6.2.10. Users dot files should not be group or world writable.";"While the system administrator can establish secure permissions for users dot files, the users can easily override these.";
"6.2.11";"users-forward-files";"1";"true";"";"compliant";"Rule 6.2.11. Users should not have a .forward file.";"The .forward file specifies an email address to forward the users mail to.";
"6.2.12";"users-netrc-files";"1";"true";"";"compliant";"Rule 6.2.12. Users should not have a .netrc file.";"The .netrc file contains data for logging into a remote host for file transfers via FTP.";
"6.2.13";"users-netrc-files-write";"1";"true";"";"compliant";"Rule 6.2.13. Users .netrc files should not be group or world writable.";"While the system administrator can establish secure permissions for users .netrc files, the users can easily override these.";
"6.2.14";"users-rhosts-files";"1";"true";"";"compliant";"Rule 6.2.14. Users shouldnot have .rhosts files.";"While no .rhosts files are shipped by default, users can easily create them.";
"6.2.15";"passwd-groups-exist";"1";"true";"";"compliant";"Rule 6.2.15. All groups used in /etc/passwd shpuld be defined in /etc/group as well.";"Over time, system administration errors and changes can lead to groups being defined in /etc/passwd but not in /etc/group.";
"6.2.16";"duplicate-uids";"1";"true";"";"compliant";"Rule 6.2.16. There should be no duplicate uids.";"Although the useradd program will not let you create a duplicate User ID (UID), it is possible for an administrator to manually edit the /etc/passwd file and change the UID field.";
"6.2.17";"duplicate-gids";"1";"true";"";"compliant";"Rule 6.2.17. There should be no duplicate gids.";"Although the groupadd program will not let you create a duplicate Group ID (GID), it is possible for an administrator to manually edit the /etc/group file and change the GID field.";
"6.2.18";"duplicate-users";"1";"true";"";"compliant";"Rule 6.2.18. There should be no duplicate users.";"Although the useradd program will not let you create a duplicate user name, it is possible for an administrator to manually edit the /etc/passwd file and change the user name.";
"6.2.19";"duplicate-groups";"1";"true";"";"compliant";"Rule 6.2.19. There should be no duplicate groups.";"Although the groupadd program will not let you create a duplicate group name, it is possible for an administrator to manually edit the /etc/group file and change the group name.";
"6.2.2";"legacy-plus-passwd";"1";"true";"";"compliant";"Rule 6.2.2. There should be no entries with + in /etc/passwd.";"The character + in various files used to be markers for systems to insert data from NIS maps at a certain point in a system configuration file. These entries are no longer required on most systems, but may exist in files that have been imported from other platforms.";
"6.2.3";"legacy-plus-shadow";"1";"true";"";"compliant";"Rule 6.2.3. There should be no entries with + in /etc/shadow.";"The character + in various files used to be markers for systems to insert data from NIS maps at a certain point in a system configuration file. These entries are no longer required on most systems, but may exist in files that have been imported from other platforms.";
"6.2.4";"legacy-plus-group";"1";"true";"";"compliant";"Rule 6.2.4. There should be no entries with + in /etc/group.";"The character + in various files used to be markers for systems to insert data from NIS maps at a certain point in a system configuration file. These entries are no longer required on most systems, but may exist in files that have been imported from other platforms.";
"6.2.5";"uid-0-root";"1";"true";"";"compliant";"Rule 6.2.5. There should be only the root acxount with uid 0.";"Any account with UID 0 has superuser privileges on the system.";
"6.2.6";"root-path-integrity";"1";"true";"";"compliant";"Rule 6.2.6. User root PATH should be not contain (.) or other writable directories.";"The root user can execute any command on the system and could be fooled into executing programs unintentionally if the PATH is not set correctly.";
"6.2.7";"users-home-dirs-exist";"1";"true";"";"compliant";"Rule 6.2.7. Each user should have a home directory.";"Users can be defined in /etc/passwd without a home directory or with a home directory that does not actually exist.";
"6.2.8";"users-home-dirs-perms";"1";"true";"";"compliant";"Rule 6.2.8. Each user home directory should have permissions 0750 or more restrictive.";"While the system administrator can establish secure permissions for users home directories, the users can easily override these.";
"6.2.9";"users-home-dirs-owner";"1";"true";"";"compliant";"Rule 6.2.9. Each user should own his home directory.";"The user home directory is space defined for the particular user to set local environment variables and to store personal files.";
